sku,style,aspect_ratio,resolution,prompt
AA-001,fresco,4:5,2k,"Aged fresco painting on cracked lime plaster: a tall black-figure amphora with Greek key bands and palmette frieze on a stone plinth, dawn light. Faded terracotta, ochre and charcoal mineral pigments, chipped plaster patches, water stains and centuries of patina, photographed straight-on under soft diffused museum light, museum fine art print, no people, no faces, no text, no watermark"
AA-002,fresco,4:5,2k,"Aged fresco painting on cracked lime plaster: a wide-bellied krater painted with wave scrolls and radiating rays, candlelit warmth. Faded terracotta, ochre and charcoal mineral pigments, chipped plaster patches, water stains and centuries of patina, photographed straight-on under soft diffused museum light, museum fine art print, no people, no faces, no text, no watermark"
AA-003,fresco,4:5,2k,"Aged fresco painting on cracked lime plaster: a slender hydria with three handles and chevron neck bands, harsh desert noon. Faded terracotta, ochre and charcoal mineral pigments, chipped plaster patches, water stains and centuries of patina, photographed straight-on under soft diffused museum light, museum fine art print, no people, no faces, no text, no watermark"
AA-004,fresco,4:5,2k,"Aged fresco painting on cracked lime plaster: a lekythos oil flask with laurel garland and checker base band, cool morning haze. Faded terracotta, ochre and charcoal mineral pigments, chipped plaster patches, water stains and centuries of patina, photographed straight-on under soft diffused museum light, museum fine art print, no people, no faces, no text, no watermark"
AA-005,fresco,4:5,2k,"Aged fresco painting on cracked lime plaster: a two-handled kylix drinking cup seen in profile with meander rim, soft overcast light. Faded terracotta, ochre and charcoal mineral pigments, chipped plaster patches, water stains and centuries of patina, photographed straight-on under soft diffused museum light, museum fine art print, no people, no faces, no text, no watermark"
AA-006,fresco,4:5,2k,"Aged fresco painting on cracked lime plaster: a pelike storage jar with lotus bud frieze and banded foot, dawn light. Faded terracotta, ochre and charcoal mineral pigments, chipped plaster patches, water stains and centuries of patina, photographed straight-on under soft diffused museum light, museum fine art print, no people, no faces, no text, no watermark"
AA-007,fresco,4:5,2k,"Aged fresco painting on cracked lime plaster: an oinochoe wine jug with trefoil mouth and spiral shoulder pattern, candlelit warmth. Faded terracotta, ochre and charcoal mineral pigments, chipped plaster patches, water stains and centuries of patina, photographed straight-on under soft diffused museum light, museum fine art print, no people, no faces, no text, no watermark"
AA-008,fresco,4:5,2k,"Aged fresco painting on cracked lime plaster: a stamnos vessel with ivy vine band and twin side handles, harsh desert noon. Faded terracotta, ochre and charcoal mineral pigments, chipped plaster patches, water stains and centuries of patina, photographed straight-on under soft diffused museum light, museum fine art print, no people, no faces, no text, no watermark"
AA-009,fresco,4:5,2k,"Aged fresco painting on cracked lime plaster: a volute krater with tall scrolled handles and palmette panels, cool morning haze. Faded terracotta, ochre and charcoal mineral pigments, chipped plaster patches, water stains and centuries of patina, photographed straight-on under soft diffused museum light, museum fine art print, no people, no faces, no text, no watermark"
AA-010,fresco,4:5,2k,"Aged fresco painting on cracked lime plaster: a neck amphora with panel of geometric horses and triangle rays, soft overcast light. Faded terracotta, ochre and charcoal mineral pigments, chipped plaster patches, water stains and centuries of patina, photographed straight-on under soft diffused museum light, museum fine art print, no people, no faces, no text, no watermark"
AA-011,oil,4:5,2k,"Classical oil painting on canvas: three ruined Doric columns standing in a poppy meadow, dawn light. Visible impasto brushstrokes, varnished canvas texture, 19th century romanticism style, rich atmospheric light, museum fine art, no people, no faces, no text, no watermark"
AA-012,oil,4:5,2k,"Classical oil painting on canvas: a single Ionic column with scrolled capital against a vast sky, candlelit warmth. Visible impasto brushstrokes, varnished canvas texture, 19th century romanticism style, rich atmospheric light, museum fine art, no people, no faces, no text, no watermark"
AA-013,oil,4:5,2k,"Classical oil painting on canvas: a Corinthian column overgrown with ivy beside a fallen capital, harsh desert noon. Visible impasto brushstrokes, varnished canvas texture, 19th century romanticism style, rich atmospheric light, museum fine art, no people, no faces, no text, no watermark"
AA-014,oil,4:5,2k,"Classical oil painting on canvas: a row of temple columns casting long shadows across marble paving, cool morning haze. Visible impasto brushstrokes, varnished canvas texture, 19th century romanticism style, rich atmospheric light, museum fine art, no people, no faces, no text, no watermark"
AA-015,oil,4:5,2k,"Classical oil painting on canvas: two broken columns on a clifftop overlooking the sea, soft overcast light. Visible impasto brushstrokes, varnished canvas texture, 19th century romanticism style, rich atmospheric light, museum fine art, no people, no faces, no text, no watermark"
AA-016,oil,4:5,2k,"Classical oil painting on canvas: a colonnade receding into golden haze, dawn light. Visible impasto brushstrokes, varnished canvas texture, 19th century romanticism style, rich atmospheric light, museum fine art, no people, no faces, no text, no watermark"
AA-017,oil,4:5,2k,"Classical oil painting on canvas: a toppled column drum half-buried in wildflowers, candlelit warmth. Visible impasto brushstrokes, varnished canvas texture, 19th century romanticism style, rich atmospheric light, museum fine art, no people, no faces, no text, no watermark"
AA-018,oil,4:5,2k,"Classical oil painting on canvas: fluted columns framing a distant mountain, harsh desert noon. Visible impasto brushstrokes, varnished canvas texture, 19th century romanticism style, rich atmospheric light, museum fine art, no people, no faces, no text, no watermark"
AA-019,oil,4:5,2k,"Classical oil painting on canvas: a lone column reflected in a still pool, cool morning haze. Visible impasto brushstrokes, varnished canvas texture, 19th century romanticism style, rich atmospheric light, museum fine art, no people, no faces, no text, no watermark"
AA-020,oil,4:5,2k,"Classical oil painting on canvas: weathered columns among olive trees at the edge of an escarpment, soft overcast light. Visible impasto brushstrokes, varnished canvas texture, 19th century romanticism style, rich atmospheric light, museum fine art, no people, no faces, no text, no watermark"
AA-021,papyrus,4:5,2k,"Gouache painting on authentic aged papyrus: blue lotus flowers in full bloom among papyrus reeds, dawn light. Lapis blue, ochre and terracotta mineral pigments with gold leaf accents, visible papyrus fiber and frayed edges, ancient Egyptian art style, soft natural light, fine art print, no human figures, no faces, no hieroglyphic text, no watermark"
AA-022,papyrus,4:5,2k,"Gouache painting on authentic aged papyrus: a symmetrical frieze of lotus blossoms and closed buds, candlelit warmth. Lapis blue, ochre and terracotta mineral pigments with gold leaf accents, visible papyrus fiber and frayed edges, ancient Egyptian art style, soft natural light, fine art print, no human figures, no faces, no hieroglyphic text, no watermark"
AA-023,papyrus,4:5,2k,"Gouache painting on authentic aged papyrus: papyrus umbels bending over calm Nile water, harsh desert noon. Lapis blue, ochre and terracotta mineral pigments with gold leaf accents, visible papyrus fiber and frayed edges, ancient Egyptian art style, soft natural light, fine art print, no human figures, no faces, no hieroglyphic text, no watermark"
AA-024,papyrus,4:5,2k,"Gouache painting on authentic aged papyrus: alternating lotus and papyrus stems in temple-register rows, cool morning haze. Lapis blue, ochre and terracotta mineral pigments with gold leaf accents, visible papyrus fiber and frayed edges, ancient Egyptian art style, soft natural light, fine art print, no human figures, no faces, no hieroglyphic text, no watermark"
AA-025,papyrus,4:5,2k,"Gouache painting on authentic aged papyrus: a single monumental lotus flower with radiating petals, soft overcast light. Lapis blue, ochre and terracotta mineral pigments with gold leaf accents, visible papyrus fiber and frayed edges, ancient Egyptian art style, soft natural light, fine art print, no human figures, no faces, no hieroglyphic text, no watermark"
AA-026,papyrus,4:5,2k,"Gouache painting on authentic aged papyrus: reed thickets with dragonflies and lotus pads, dawn light. Lapis blue, ochre and terracotta mineral pigments with gold leaf accents, visible papyrus fiber and frayed edges, ancient Egyptian art style, soft natural light, fine art print, no human figures, no faces, no hieroglyphic text, no watermark"
AA-027,papyrus,4:5,2k,"Gouache painting on authentic aged papyrus: a border pattern of lotus garlands and date palm fronds, candlelit warmth. Lapis blue, ochre and terracotta mineral pigments with gold leaf accents, visible papyrus fiber and frayed edges, ancient Egyptian art style, soft natural light, fine art print, no human figures, no faces, no hieroglyphic text, no watermark"
AA-028,papyrus,4:5,2k,"Gouache painting on authentic aged papyrus: papyrus stalks tied in ceremonial bundles, harsh desert noon. Lapis blue, ochre and terracotta mineral pigments with gold leaf accents, visible papyrus fiber and frayed edges, ancient Egyptian art style, soft natural light, fine art print, no human figures, no faces, no hieroglyphic text, no watermark"
AA-029,papyrus,4:5,2k,"Gouache painting on authentic aged papyrus: lotus flowers floating on rippled water with fish shadows beneath, cool morning haze. Lapis blue, ochre and terracotta mineral pigments with gold leaf accents, visible papyrus fiber and frayed edges, ancient Egyptian art style, soft natural light, fine art print, no human figures, no faces, no hieroglyphic text, no watermark"
AA-030,papyrus,4:5,2k,"Gouache painting on authentic aged papyrus: a dense botanical study of Nile marsh plants, soft overcast light. Lapis blue, ochre and terracotta mineral pigments with gold leaf accents, visible papyrus fiber and frayed edges, ancient Egyptian art style, soft natural light, fine art print, no human figures, no faces, no hieroglyphic text, no watermark"
AA-031,engrave,4:5,2k,"Antique copperplate engraving: the three pyramids of Giza rising from windswept dunes, dawn light. 18th century archaeological expedition illustration, fine crosshatched linework, sepia ink on aged foxed paper with deckled edges, elegant thin ruled border, no people, no faces, no text, no watermark"
AA-032,engrave,4:5,2k,"Antique copperplate engraving: a stepped pyramid with a caravan of camels passing in the distance, candlelit warmth. 18th century archaeological expedition illustration, fine crosshatched linework, sepia ink on aged foxed paper with deckled edges, elegant thin ruled border, no people, no faces, no text, no watermark"
AA-033,engrave,4:5,2k,"Antique copperplate engraving: a great pyramid with its ruined mortuary causeway, harsh desert noon. 18th century archaeological expedition illustration, fine crosshatched linework, sepia ink on aged foxed paper with deckled edges, elegant thin ruled border, no people, no faces, no text, no watermark"
AA-034,engrave,4:5,2k,"Antique copperplate engraving: two pyramids framed by date palms at an oasis, cool morning haze. 18th century archaeological expedition illustration, fine crosshatched linework, sepia ink on aged foxed paper with deckled edges, elegant thin ruled border, no people, no faces, no text, no watermark"
AA-035,engrave,4:5,2k,"Antique copperplate engraving: a pyramid complex surveyed from a rocky escarpment, soft overcast light. 18th century archaeological expedition illustration, fine crosshatched linework, sepia ink on aged foxed paper with deckled edges, elegant thin ruled border, no people, no faces, no text, no watermark"
AA-036,engrave,4:5,2k,"Antique copperplate engraving: the great pyramid with scattered fallen casing stones, dawn light. 18th century archaeological expedition illustration, fine crosshatched linework, sepia ink on aged foxed paper with deckled edges, elegant thin ruled border, no people, no faces, no text, no watermark"
AA-037,engrave,4:5,2k,"Antique copperplate engraving: a bent pyramid under a vast empty sky, candlelit warmth. 18th century archaeological expedition illustration, fine crosshatched linework, sepia ink on aged foxed paper with deckled edges, elegant thin ruled border, no people, no faces, no text, no watermark"
AA-038,engrave,4:5,2k,"Antique copperplate engraving: pyramids beyond the Nile floodplain with feluccas on the river, harsh desert noon. 18th century archaeological expedition illustration, fine crosshatched linework, sepia ink on aged foxed paper with deckled edges, elegant thin ruled border, no people, no faces, no text, no watermark"
AA-039,engrave,4:5,2k,"Antique copperplate engraving: a pyramid field with small queen pyramids in the foreground, cool morning haze. 18th century archaeological expedition illustration, fine crosshatched linework, sepia ink on aged foxed paper with deckled edges, elegant thin ruled border, no people, no faces, no text, no watermark"
AA-040,engrave,4:5,2k,"Antique copperplate engraving: the sphinx-less Giza plateau with survey markers and dunes, soft overcast light. 18th century archaeological expedition illustration, fine crosshatched linework, sepia ink on aged foxed paper with deckled edges, elegant thin ruled border, no people, no faces, no text, no watermark"
AA-041,fresco,4:5,2k,"Aged fresco painting on cracked lime plaster: a circular Roman floor mosaic medallion with geometric guilloche rings, dawn light. Faded terracotta, ochre and charcoal mineral pigments, chipped plaster patches, water stains and centuries of patina, photographed straight-on under soft diffused museum light, museum fine art print, no people, no faces, no text, no watermark"
AA-042,fresco,4:5,2k,"Aged fresco painting on cracked lime plaster: a mosaic panel of interlocking meander patterns in red and blue tesserae, candlelit warmth. Faded terracotta, ochre and charcoal mineral pigments, chipped plaster patches, water stains and centuries of patina, photographed straight-on under soft diffused museum light, museum fine art print, no people, no faces, no text, no watermark"
AA-043,fresco,4:5,2k,"Aged fresco painting on cracked lime plaster: a radiating sunburst mosaic with concentric tessera rings, harsh desert noon. Faded terracotta, ochre and charcoal mineral pigments, chipped plaster patches, water stains and centuries of patina, photographed straight-on under soft diffused museum light, museum fine art print, no people, no faces, no text, no watermark"
AA-044,fresco,4:5,2k,"Aged fresco painting on cracked lime plaster: a mosaic border fragment with wave crest scrolls, cool morning haze. Faded terracotta, ochre and charcoal mineral pigments, chipped plaster patches, water stains and centuries of patina, photographed straight-on under soft diffused museum light, museum fine art print, no people, no faces, no text, no watermark"
AA-045,fresco,4:5,2k,"Aged fresco painting on cracked lime plaster: an octagonal mosaic panel with rosette center, soft overcast light. Faded terracotta, ochre and charcoal mineral pigments, chipped plaster patches, water stains and centuries of patina, photographed straight-on under soft diffused museum light, museum fine art print, no people, no faces, no text, no watermark"
AA-046,fresco,4:5,2k,"Aged fresco painting on cracked lime plaster: a chequerboard mosaic floor receding in perspective, dawn light. Faded terracotta, ochre and charcoal mineral pigments, chipped plaster patches, water stains and centuries of patina, photographed straight-on under soft diffused museum light, museum fine art print, no people, no faces, no text, no watermark"
AA-047,fresco,4:5,2k,"Aged fresco painting on cracked lime plaster: a knot-pattern mosaic emblem within a braided border, candlelit warmth. Faded terracotta, ochre and charcoal mineral pigments, chipped plaster patches, water stains and centuries of patina, photographed straight-on under soft diffused museum light, museum fine art print, no people, no faces, no text, no watermark"
AA-048,fresco,4:5,2k,"Aged fresco painting on cracked lime plaster: a compass-rose mosaic with alternating dark and light rays, harsh desert noon. Faded terracotta, ochre and charcoal mineral pigments, chipped plaster patches, water stains and centuries of patina, photographed straight-on under soft diffused museum light, museum fine art print, no people, no faces, no text, no watermark"
AA-049,fresco,4:5,2k,"Aged fresco painting on cracked lime plaster: a fragmentary mosaic with missing tesserae revealing plaster beneath, cool morning haze. Faded terracotta, ochre and charcoal mineral pigments, chipped plaster patches, water stains and centuries of patina, photographed straight-on under soft diffused museum light, museum fine art print, no people, no faces, no text, no watermark"
AA-050,fresco,4:5,2k,"Aged fresco painting on cracked lime plaster: a labyrinth-pattern mosaic panel from a villa threshold, soft overcast light. Faded terracotta, ochre and charcoal mineral pigments, chipped plaster patches, water stains and centuries of patina, photographed straight-on under soft diffused museum light, museum fine art print, no people, no faces, no text, no watermark"
AA-051,engrave,4:5,2k,"Antique copperplate engraving: a megalithic standing stone carved with triple spirals, dawn light. 18th century archaeological expedition illustration, fine crosshatched linework, sepia ink on aged foxed paper with deckled edges, elegant thin ruled border, no people, no faces, no text, no watermark"
AA-052,engrave,4:5,2k,"Antique copperplate engraving: a passage tomb entrance stone covered in spiral and chevron carvings, candlelit warmth. 18th century archaeological expedition illustration, fine crosshatched linework, sepia ink on aged foxed paper with deckled edges, elegant thin ruled border, no people, no faces, no text, no watermark"
AA-053,engrave,4:5,2k,"Antique copperplate engraving: a circle of weathered standing stones on a moor, harsh desert noon. 18th century archaeological expedition illustration, fine crosshatched linework, sepia ink on aged foxed paper with deckled edges, elegant thin ruled border, no people, no faces, no text, no watermark"
AA-054,engrave,4:5,2k,"Antique copperplate engraving: a carved kerbstone with concentric arcs and lozenges, cool morning haze. 18th century archaeological expedition illustration, fine crosshatched linework, sepia ink on aged foxed paper with deckled edges, elegant thin ruled border, no people, no faces, no text, no watermark"
AA-055,engrave,4:5,2k,"Antique copperplate engraving: a solitary menhir against rolling hills, soft overcast light. 18th century archaeological expedition illustration, fine crosshatched linework, sepia ink on aged foxed paper with deckled edges, elegant thin ruled border, no people, no faces, no text, no watermark"
AA-056,engrave,4:5,2k,"Antique copperplate engraving: a dolmen of three great stones capped by a slab, dawn light. 18th century archaeological expedition illustration, fine crosshatched linework, sepia ink on aged foxed paper with deckled edges, elegant thin ruled border, no people, no faces, no text, no watermark"
AA-057,engrave,4:5,2k,"Antique copperplate engraving: a spiral-carved boulder half sunk in heather, candlelit warmth. 18th century archaeological expedition illustration, fine crosshatched linework, sepia ink on aged foxed paper with deckled edges, elegant thin ruled border, no people, no faces, no text, no watermark"
AA-058,engrave,4:5,2k,"Antique copperplate engraving: an avenue of paired standing stones receding to the horizon, harsh desert noon. 18th century archaeological expedition illustration, fine crosshatched linework, sepia ink on aged foxed paper with deckled edges, elegant thin ruled border, no people, no faces, no text, no watermark"
AA-059,engrave,4:5,2k,"Antique copperplate engraving: a recumbent stone circle with a massive altar stone, cool morning haze. 18th century archaeological expedition illustration, fine crosshatched linework, sepia ink on aged foxed paper with deckled edges, elegant thin ruled border, no people, no faces, no text, no watermark"
AA-060,engrave,4:5,2k,"Antique copperplate engraving: a carved stone basin within a chambered cairn, soft overcast light. 18th century archaeological expedition illustration, fine crosshatched linework, sepia ink on aged foxed paper with deckled edges, elegant thin ruled border, no people, no faces, no text, no watermark"
AA-061,engrave,4:5,2k,"Antique copperplate engraving: a cuneiform clay tablet with dense wedge-shaped writing, dawn light. 18th century archaeological expedition illustration, fine crosshatched linework, sepia ink on aged foxed paper with deckled edges, elegant thin ruled border, no people, no faces, no text, no watermark"
AA-062,engrave,4:5,2k,"Antique copperplate engraving: a runestone carved with a serpentine rune band, candlelit warmth. 18th century archaeological expedition illustration, fine crosshatched linework, sepia ink on aged foxed paper with deckled edges, elegant thin ruled border, no people, no faces, no text, no watermark"
AA-063,engrave,4:5,2k,"Antique copperplate engraving: a fragmentary stone stela with weathered inscription rows, harsh desert noon. 18th century archaeological expedition illustration, fine crosshatched linework, sepia ink on aged foxed paper with deckled edges, elegant thin ruled border, no people, no faces, no text, no watermark"
AA-064,engrave,4:5,2k,"Antique copperplate engraving: a cylinder seal beside its rolled clay impression, cool morning haze. 18th century archaeological expedition illustration, fine crosshatched linework, sepia ink on aged foxed paper with deckled edges, elegant thin ruled border, no people, no faces, no text, no watermark"
AA-065,engrave,4:5,2k,"Antique copperplate engraving: a scribal exercise tablet with practice wedges, soft overcast light. 18th century archaeological expedition illustration, fine crosshatched linework, sepia ink on aged foxed paper with deckled edges, elegant thin ruled border, no people, no faces, no text, no watermark"
AA-066,engrave,4:5,2k,"Antique copperplate engraving: a boundary stone covered in archaic pictographs, dawn light. 18th century archaeological expedition illustration, fine crosshatched linework, sepia ink on aged foxed paper with deckled edges, elegant thin ruled border, no people, no faces, no text, no watermark"
AA-067,engrave,4:5,2k,"Antique copperplate engraving: a broken tablet pieced together showing ledger columns, candlelit warmth. 18th century archaeological expedition illustration, fine crosshatched linework, sepia ink on aged foxed paper with deckled edges, elegant thin ruled border, no people, no faces, no text, no watermark"
AA-068,engrave,4:5,2k,"Antique copperplate engraving: a tall runestone in a birch clearing, harsh desert noon. 18th century archaeological expedition illustration, fine crosshatched linework, sepia ink on aged foxed paper with deckled edges, elegant thin ruled border, no people, no faces, no text, no watermark"
AA-069,engrave,4:5,2k,"Antique copperplate engraving: a clay envelope tablet with seal impressions, cool morning haze. 18th century archaeological expedition illustration, fine crosshatched linework, sepia ink on aged foxed paper with deckled edges, elegant thin ruled border, no people, no faces, no text, no watermark"
AA-070,engrave,4:5,2k,"Antique copperplate engraving: an ostracon pottery shard with ink markings, soft overcast light. 18th century archaeological expedition illustration, fine crosshatched linework, sepia ink on aged foxed paper with deckled edges, elegant thin ruled border, no people, no faces, no text, no watermark"
AA-071,fresco,4:5,2k,"Aged fresco painting on cracked lime plaster: a laurel victory wreath tied with ribbon, dawn light. Faded terracotta, ochre and charcoal mineral pigments, chipped plaster patches, water stains and centuries of patina, photographed straight-on under soft diffused museum light, museum fine art print, no people, no faces, no text, no watermark"
AA-072,fresco,4:5,2k,"Aged fresco painting on cracked lime plaster: an olive branch crown with silvery leaves and small fruits, candlelit warmth. Faded terracotta, ochre and charcoal mineral pigments, chipped plaster patches, water stains and centuries of patina, photographed straight-on under soft diffused museum light, museum fine art print, no people, no faces, no text, no watermark"
AA-073,fresco,4:5,2k,"Aged fresco painting on cracked lime plaster: a laurel wreath encircling a radiant sun disk, harsh desert noon. Faded terracotta, ochre and charcoal mineral pigments, chipped plaster patches, water stains and centuries of patina, photographed straight-on under soft diffused museum light, museum fine art print, no people, no faces, no text, no watermark"
AA-074,fresco,4:5,2k,"Aged fresco painting on cracked lime plaster: two crossed palm fronds beneath a laurel garland, cool morning haze. Faded terracotta, ochre and charcoal mineral pigments, chipped plaster patches, water stains and centuries of patina, photographed straight-on under soft diffused museum light, museum fine art print, no people, no faces, no text, no watermark"
AA-075,fresco,4:5,2k,"Aged fresco painting on cracked lime plaster: an ivy wreath with berries and trailing tendrils, soft overcast light. Faded terracotta, ochre and charcoal mineral pigments, chipped plaster patches, water stains and centuries of patina, photographed straight-on under soft diffused museum light, museum fine art print, no people, no faces, no text, no watermark"
AA-076,fresco,4:5,2k,"Aged fresco painting on cracked lime plaster: a wheat-sheaf crown bound with cord, dawn light. Faded terracotta, ochre and charcoal mineral pigments, chipped plaster patches, water stains and centuries of patina, photographed straight-on under soft diffused museum light, museum fine art print, no people, no faces, no text, no watermark"
AA-077,fresco,4:5,2k,"Aged fresco painting on cracked lime plaster: a laurel wreath around a crescent moon, candlelit warmth. Faded terracotta, ochre and charcoal mineral pigments, chipped plaster patches, water stains and centuries of patina, photographed straight-on under soft diffused museum light, museum fine art print, no people, no faces, no text, no watermark"
AA-078,fresco,4:5,2k,"Aged fresco painting on cracked lime plaster: a myrtle wreath with delicate white blossoms, harsh desert noon. Faded terracotta, ochre and charcoal mineral pigments, chipped plaster patches, water stains and centuries of patina, photographed straight-on under soft diffused museum light, museum fine art print, no people, no faces, no text, no watermark"
AA-079,fresco,4:5,2k,"Aged fresco painting on cracked lime plaster: an oak-leaf civic crown with acorns, cool morning haze. Faded terracotta, ochre and charcoal mineral pigments, chipped plaster patches, water stains and centuries of patina, photographed straight-on under soft diffused museum light, museum fine art print, no people, no faces, no text, no watermark"
AA-080,fresco,4:5,2k,"Aged fresco painting on cracked lime plaster: a laurel garland draped over a marble ledge, soft overcast light. Faded terracotta, ochre and charcoal mineral pigments, chipped plaster patches, water stains and centuries of patina, photographed straight-on under soft diffused museum light, museum fine art print, no people, no faces, no text, no watermark"
AA-081,fresco,4:5,2k,"Aged fresco painting on cracked lime plaster: stacked horizontal bands of Greek key, wave scroll and palmette ornament, dawn light. Faded terracotta, ochre and charcoal mineral pigments, chipped plaster patches, water stains and centuries of patina, photographed straight-on under soft diffused museum light, museum fine art print, no people, no faces, no text, no watermark"
AA-082,fresco,4:5,2k,"Aged fresco painting on cracked lime plaster: a pattern sampler of chevrons, checkers and running spirals, candlelit warmth. Faded terracotta, ochre and charcoal mineral pigments, chipped plaster patches, water stains and centuries of patina, photographed straight-on under soft diffused museum light, museum fine art print, no people, no faces, no text, no watermark"
AA-083,fresco,4:5,2k,"Aged fresco painting on cracked lime plaster: alternating friezes of meander and lotus bud ornament, harsh desert noon. Faded terracotta, ochre and charcoal mineral pigments, chipped plaster patches, water stains and centuries of patina, photographed straight-on under soft diffused museum light, museum fine art print, no people, no faces, no text, no watermark"
AA-084,fresco,4:5,2k,"Aged fresco painting on cracked lime plaster: a column of border patterns from Attic pottery, cool morning haze. Faded terracotta, ochre and charcoal mineral pigments, chipped plaster patches, water stains and centuries of patina, photographed straight-on under soft diffused museum light, museum fine art print, no people, no faces, no text, no watermark"
AA-085,fresco,4:5,2k,"Aged fresco painting on cracked lime plaster: bands of zigzag, dot rosette and triangle ray ornament, soft overcast light. Faded terracotta, ochre and charcoal mineral pigments, chipped plaster patches, water stains and centuries of patina, photographed straight-on under soft diffused museum light, museum fine art print, no people, no faces, no text, no watermark"
AA-086,fresco,4:5,2k,"Aged fresco painting on cracked lime plaster: a wall of painted ornament registers in earth pigments, dawn light. Faded terracotta, ochre and charcoal mineral pigments, chipped plaster patches, water stains and centuries of patina, photographed straight-on under soft diffused museum light, museum fine art print, no people, no faces, no text, no watermark"
AA-087,fresco,4:5,2k,"Aged fresco painting on cracked lime plaster: egg-and-dart moulding above bead-and-reel bands, candlelit warmth. Faded terracotta, ochre and charcoal mineral pigments, chipped plaster patches, water stains and centuries of patina, photographed straight-on under soft diffused museum light, museum fine art print, no people, no faces, no text, no watermark"
AA-088,fresco,4:5,2k,"Aged fresco painting on cracked lime plaster: a sampler of guilloche braid and astragal patterns, harsh desert noon. Faded terracotta, ochre and charcoal mineral pigments, chipped plaster patches, water stains and centuries of patina, photographed straight-on under soft diffused museum light, museum fine art print, no people, no faces, no text, no watermark"
AA-089,fresco,4:5,2k,"Aged fresco painting on cracked lime plaster: graduated bands of palmette, anthemion and scroll ornament, cool morning haze. Faded terracotta, ochre and charcoal mineral pigments, chipped plaster patches, water stains and centuries of patina, photographed straight-on under soft diffused museum light, museum fine art print, no people, no faces, no text, no watermark"
AA-090,fresco,4:5,2k,"Aged fresco painting on cracked lime plaster: a decorative program of nested geometric borders, soft overcast light. Faded terracotta, ochre and charcoal mineral pigments, chipped plaster patches, water stains and centuries of patina, photographed straight-on under soft diffused museum light, museum fine art print, no people, no faces, no text, no watermark"
AA-091,engrave,4:5,2k,"Antique copperplate engraving: a circular classical labyrinth with a single winding path, dawn light. 18th century archaeological expedition illustration, fine crosshatched linework, sepia ink on aged foxed paper with deckled edges, elegant thin ruled border, no people, no faces, no text, no watermark"
AA-092,engrave,4:5,2k,"Antique copperplate engraving: a square Roman labyrinth pattern with battlemented walls, candlelit warmth. 18th century archaeological expedition illustration, fine crosshatched linework, sepia ink on aged foxed paper with deckled edges, elegant thin ruled border, no people, no faces, no text, no watermark"
AA-093,engrave,4:5,2k,"Antique copperplate engraving: the seven-course Cretan labyrinth design, harsh desert noon. 18th century archaeological expedition illustration, fine crosshatched linework, sepia ink on aged foxed paper with deckled edges, elegant thin ruled border, no people, no faces, no text, no watermark"
AA-094,engrave,4:5,2k,"Antique copperplate engraving: a labyrinth carved into a stone slab, cool morning haze. 18th century archaeological expedition illustration, fine crosshatched linework, sepia ink on aged foxed paper with deckled edges, elegant thin ruled border, no people, no faces, no text, no watermark"
AA-095,engrave,4:5,2k,"Antique copperplate engraving: an eleven-circuit medieval-style labyrinth rendered as a plan, soft overcast light. 18th century archaeological expedition illustration, fine crosshatched linework, sepia ink on aged foxed paper with deckled edges, elegant thin ruled border, no people, no faces, no text, no watermark"
AA-096,engrave,4:5,2k,"Antique copperplate engraving: a coin-style labyrinth emblem with dense concentric walls, dawn light. 18th century archaeological expedition illustration, fine crosshatched linework, sepia ink on aged foxed paper with deckled edges, elegant thin ruled border, no people, no faces, no text, no watermark"
AA-097,engrave,4:5,2k,"Antique copperplate engraving: a turf labyrinth seen from above on a hillside, candlelit warmth. 18th century archaeological expedition illustration, fine crosshatched linework, sepia ink on aged foxed paper with deckled edges, elegant thin ruled border, no people, no faces, no text, no watermark"
AA-098,engrave,4:5,2k,"Antique copperplate engraving: a labyrinth mosaic plan with a central rosette, harsh desert noon. 18th century archaeological expedition illustration, fine crosshatched linework, sepia ink on aged foxed paper with deckled edges, elegant thin ruled border, no people, no faces, no text, no watermark"
AA-099,engrave,4:5,2k,"Antique copperplate engraving: a spiral labyrinth cut into coastal rock, cool morning haze. 18th century archaeological expedition illustration, fine crosshatched linework, sepia ink on aged foxed paper with deckled edges, elegant thin ruled border, no people, no faces, no text, no watermark"
AA-100,engrave,4:5,2k,"Antique copperplate engraving: an architectural survey drawing of a palace labyrinth, soft overcast light. 18th century archaeological expedition illustration, fine crosshatched linework, sepia ink on aged foxed paper with deckled edges, elegant thin ruled border, no people, no faces, no text, no watermark"
AA-101,oil,4:5,2k,"Classical oil painting on canvas: a great ziggurat rising in stepped tiers above a river plain, dawn light. Visible impasto brushstrokes, varnished canvas texture, 19th century romanticism style, rich atmospheric light, museum fine art, no people, no faces, no text, no watermark"
AA-102,oil,4:5,2k,"Classical oil painting on canvas: a ziggurat under a crescent moon with torch-lit stairways, candlelit warmth. Visible impasto brushstrokes, varnished canvas texture, 19th century romanticism style, rich atmospheric light, museum fine art, no people, no faces, no text, no watermark"
AA-103,oil,4:5,2k,"Classical oil painting on canvas: the ruined core of a ziggurat catching low sun, harsh desert noon. Visible impasto brushstrokes, varnished canvas texture, 19th century romanticism style, rich atmospheric light, museum fine art, no people, no faces, no text, no watermark"
AA-104,oil,4:5,2k,"Classical oil painting on canvas: a ziggurat with its triple staircase and summit shrine, cool morning haze. Visible impasto brushstrokes, varnished canvas texture, 19th century romanticism style, rich atmospheric light, museum fine art, no people, no faces, no text, no watermark"
AA-105,oil,4:5,2k,"Classical oil painting on canvas: a mudbrick ziggurat above date palm groves, soft overcast light. Visible impasto brushstrokes, varnished canvas texture, 19th century romanticism style, rich atmospheric light, museum fine art, no people, no faces, no text, no watermark"
AA-106,oil,4:5,2k,"Classical oil painting on canvas: a ziggurat in a dust storm, tiers fading into haze, dawn light. Visible impasto brushstrokes, varnished canvas texture, 19th century romanticism style, rich atmospheric light, museum fine art, no people, no faces, no text, no watermark"
AA-107,oil,4:5,2k,"Classical oil painting on canvas: a restored ziggurat facade with buttressed walls, candlelit warmth. Visible impasto brushstrokes, varnished canvas texture, 19th century romanticism style, rich atmospheric light, museum fine art, no people, no faces, no text, no watermark"
AA-108,oil,4:5,2k,"Classical oil painting on canvas: a ziggurat reflected in irrigation canals, harsh desert noon. Visible impasto brushstrokes, varnished canvas texture, 19th century romanticism style, rich atmospheric light, museum fine art, no people, no faces, no text, no watermark"
AA-109,oil,4:5,2k,"Classical oil painting on canvas: caravans approaching a ziggurat at dusk, cool morning haze. Visible impasto brushstrokes, varnished canvas texture, 19th century romanticism style, rich atmospheric light, museum fine art, no people, no faces, no text, no watermark"
AA-110,oil,4:5,2k,"Classical oil painting on canvas: a ziggurat silhouetted against a star-strewn sky, soft overcast light. Visible impasto brushstrokes, varnished canvas texture, 19th century romanticism style, rich atmospheric light, museum fine art, no people, no faces, no text, no watermark"
AA-111,engrave,4:5,2k,"Antique copperplate engraving: a celestial map with constellation figures drawn as connected stars, dawn light. 18th century archaeological expedition illustration, fine crosshatched linework, sepia ink on aged foxed paper with deckled edges, elegant thin ruled border, no people, no faces, no text, no watermark"
AA-112,engrave,4:5,2k,"Antique copperplate engraving: an astrolabe rete overlaid on a star chart ring, candlelit warmth. 18th century archaeological expedition illustration, fine crosshatched linework, sepia ink on aged foxed paper with deckled edges, elegant thin ruled border, no people, no faces, no text, no watermark"
AA-113,engrave,4:5,2k,"Antique copperplate engraving: a planisphere with graduated degree rings and star magnitudes, harsh desert noon. 18th century archaeological expedition illustration, fine crosshatched linework, sepia ink on aged foxed paper with deckled edges, elegant thin ruled border, no people, no faces, no text, no watermark"
AA-114,engrave,4:5,2k,"Antique copperplate engraving: a comet's path plotted across a constellation chart, cool morning haze. 18th century archaeological expedition illustration, fine crosshatched linework, sepia ink on aged foxed paper with deckled edges, elegant thin ruled border, no people, no faces, no text, no watermark"
AA-115,engrave,4:5,2k,"Antique copperplate engraving: a zodiac-free star atlas plate of the northern sky, soft overcast light. 18th century archaeological expedition illustration, fine crosshatched linework, sepia ink on aged foxed paper with deckled edges, elegant thin ruled border, no people, no faces, no text, no watermark"
AA-116,engrave,4:5,2k,"Antique copperplate engraving: a lunar phase diagram ringed by star positions, dawn light. 18th century archaeological expedition illustration, fine crosshatched linework, sepia ink on aged foxed paper with deckled edges, elegant thin ruled border, no people, no faces, no text, no watermark"
AA-117,engrave,4:5,2k,"Antique copperplate engraving: an armillary sphere diagram with celestial circles, candlelit warmth. 18th century archaeological expedition illustration, fine crosshatched linework, sepia ink on aged foxed paper with deckled edges, elegant thin ruled border, no people, no faces, no text, no watermark"
AA-118,engrave,4:5,2k,"Antique copperplate engraving: a meteor shower radiant plotted on a star grid, harsh desert noon. 18th century archaeological expedition illustration, fine crosshatched linework, sepia ink on aged foxed paper with deckled edges, elegant thin ruled border, no people, no faces, no text, no watermark"
AA-119,engrave,4:5,2k,"Antique copperplate engraving: a southern sky chart with the milky way band stippled, cool morning haze. 18th century archaeological expedition illustration, fine crosshatched linework, sepia ink on aged foxed paper with deckled edges, elegant thin ruled border, no people, no faces, no text, no watermark"
AA-120,engrave,4:5,2k,"Antique copperplate engraving: an eclipse prediction diagram with solar and lunar disks, soft overcast light. 18th century archaeological expedition illustration, fine crosshatched linework, sepia ink on aged foxed paper with deckled edges, elegant thin ruled border, no people, no faces, no text, no watermark"
AA-121,oil,4:5,2k,"Classical oil painting on canvas: a two-tiered Roman aqueduct striding across a river valley, dawn light. Visible impasto brushstrokes, varnished canvas texture, 19th century romanticism style, rich atmospheric light, museum fine art, no people, no faces, no text, no watermark"
AA-122,oil,4:5,2k,"Classical oil painting on canvas: aqueduct arches golden in evening light with cypress trees, candlelit warmth. Visible impasto brushstrokes, varnished canvas texture, 19th century romanticism style, rich atmospheric light, museum fine art, no people, no faces, no text, no watermark"
AA-123,oil,4:5,2k,"Classical oil painting on canvas: a ruined aqueduct span ending abruptly mid-valley, harsh desert noon. Visible impasto brushstrokes, varnished canvas texture, 19th century romanticism style, rich atmospheric light, museum fine art, no people, no faces, no text, no watermark"
AA-124,oil,4:5,2k,"Classical oil painting on canvas: an aqueduct crossing farmland with grazing sheep, cool morning haze. Visible impasto brushstrokes, varnished canvas texture, 19th century romanticism style, rich atmospheric light, museum fine art, no people, no faces, no text, no watermark"
AA-125,oil,4:5,2k,"Classical oil painting on canvas: the towering arches of an aqueduct against storm clouds, soft overcast light. Visible impasto brushstrokes, varnished canvas texture, 19th century romanticism style, rich atmospheric light, museum fine art, no people, no faces, no text, no watermark"
AA-126,oil,4:5,2k,"Classical oil painting on canvas: an aqueduct bridge reflected in the river below, dawn light. Visible impasto brushstrokes, varnished canvas texture, 19th century romanticism style, rich atmospheric light, museum fine art, no people, no faces, no text, no watermark"
AA-127,oil,4:5,2k,"Classical oil painting on canvas: a triple-tiered aqueduct in mountain foothills, candlelit warmth. Visible impasto brushstrokes, varnished canvas texture, 19th century romanticism style, rich atmospheric light, museum fine art, no people, no faces, no text, no watermark"
AA-128,oil,4:5,2k,"Classical oil painting on canvas: ivy-covered aqueduct piers along a country road, harsh desert noon. Visible impasto brushstrokes, varnished canvas texture, 19th century romanticism style, rich atmospheric light, museum fine art, no people, no faces, no text, no watermark"
AA-129,oil,4:5,2k,"Classical oil painting on canvas: an aqueduct vanishing into morning mist, cool morning haze. Visible impasto brushstrokes, varnished canvas texture, 19th century romanticism style, rich atmospheric light, museum fine art, no people, no faces, no text, no watermark"
AA-130,oil,4:5,2k,"Classical oil painting on canvas: shepherds' huts beneath monumental aqueduct arches, soft overcast light. Visible impasto brushstrokes, varnished canvas texture, 19th century romanticism style, rich atmospheric light, museum fine art, no people, no faces, no text, no watermark"
AA-131,papyrus,4:5,2k,"Gouache painting on authentic aged papyrus: a winged scarab beetle lifting the sun disk, dawn light. Lapis blue, ochre and terracotta mineral pigments with gold leaf accents, visible papyrus fiber and frayed edges, ancient Egyptian art style, soft natural light, fine art print, no human figures, no faces, no hieroglyphic text, no watermark"
AA-132,papyrus,4:5,2k,"Gouache painting on authentic aged papyrus: a lapis scarab amulet with spread falcon wings, candlelit warmth. Lapis blue, ochre and terracotta mineral pigments with gold leaf accents, visible papyrus fiber and frayed edges, ancient Egyptian art style, soft natural light, fine art print, no human figures, no faces, no hieroglyphic text, no watermark"
AA-133,papyrus,4:5,2k,"Gouache painting on authentic aged papyrus: a scarab pushing the solar orb above the horizon, harsh desert noon. Lapis blue, ochre and terracotta mineral pigments with gold leaf accents, visible papyrus fiber and frayed edges, ancient Egyptian art style, soft natural light, fine art print, no human figures, no faces, no hieroglyphic text, no watermark"
AA-134,papyrus,4:5,2k,"Gouache painting on authentic aged papyrus: a heart scarab with folded wings and gold banding, cool morning haze. Lapis blue, ochre and terracotta mineral pigments with gold leaf accents, visible papyrus fiber and frayed edges, ancient Egyptian art style, soft natural light, fine art print, no human figures, no faces, no hieroglyphic text, no watermark"
AA-135,papyrus,4:5,2k,"Gouache painting on authentic aged papyrus: a scarab flanked by twin cobras and sun rays, soft overcast light. Lapis blue, ochre and terracotta mineral pigments with gold leaf accents, visible papyrus fiber and frayed edges, ancient Egyptian art style, soft natural light, fine art print, no human figures, no faces, no hieroglyphic text, no watermark"
AA-136,papyrus,4:5,2k,"Gouache painting on authentic aged papyrus: a scarab over a lotus garland, dawn light. Lapis blue, ochre and terracotta mineral pigments with gold leaf accents, visible papyrus fiber and frayed edges, ancient Egyptian art style, soft natural light, fine art print, no human figures, no faces, no hieroglyphic text, no watermark"
AA-137,papyrus,4:5,2k,"Gouache painting on authentic aged papyrus: a scarab within a cartouche-shaped border of stars, candlelit warmth. Lapis blue, ochre and terracotta mineral pigments with gold leaf accents, visible papyrus fiber and frayed edges, ancient Egyptian art style, soft natural light, fine art print, no human figures, no faces, no hieroglyphic text, no watermark"
AA-138,papyrus,4:5,2k,"Gouache painting on authentic aged papyrus: a turquoise scarab with outstretched feathered wings, harsh desert noon. Lapis blue, ochre and terracotta mineral pigments with gold leaf accents, visible papyrus fiber and frayed edges, ancient Egyptian art style, soft natural light, fine art print, no human figures, no faces, no hieroglyphic text, no watermark"
AA-139,papyrus,4:5,2k,"Gouache painting on authentic aged papyrus: a scarab above a solar barque on stylized water, cool morning haze. Lapis blue, ochre and terracotta mineral pigments with gold leaf accents, visible papyrus fiber and frayed edges, ancient Egyptian art style, soft natural light, fine art print, no human figures, no faces, no hieroglyphic text, no watermark"
AA-140,papyrus,4:5,2k,"Gouache painting on authentic aged papyrus: a great scarab emblem ringed by rosettes, soft overcast light. Lapis blue, ochre and terracotta mineral pigments with gold leaf accents, visible papyrus fiber and frayed edges, ancient Egyptian art style, soft natural light, fine art print, no human figures, no faces, no hieroglyphic text, no watermark"
AA-141,engrave,4:5,2k,"Antique copperplate engraving: a lone obelisk with gilded pyramidion at dawn, dawn light. 18th century archaeological expedition illustration, fine crosshatched linework, sepia ink on aged foxed paper with deckled edges, elegant thin ruled border, no people, no faces, no text, no watermark"
AA-142,engrave,4:5,2k,"Antique copperplate engraving: twin obelisks flanking a ruined temple pylon, candlelit warmth. 18th century archaeological expedition illustration, fine crosshatched linework, sepia ink on aged foxed paper with deckled edges, elegant thin ruled border, no people, no faces, no text, no watermark"
AA-143,engrave,4:5,2k,"Antique copperplate engraving: a fallen obelisk lying in quarry sand, partly carved, harsh desert noon. 18th century archaeological expedition illustration, fine crosshatched linework, sepia ink on aged foxed paper with deckled edges, elegant thin ruled border, no people, no faces, no text, no watermark"
AA-144,engrave,4:5,2k,"Antique copperplate engraving: an obelisk rising above palm trees by a riverbank, cool morning haze. 18th century archaeological expedition illustration, fine crosshatched linework, sepia ink on aged foxed paper with deckled edges, elegant thin ruled border, no people, no faces, no text, no watermark"
AA-145,engrave,4:5,2k,"Antique copperplate engraving: an obelisk with survey scaffolding from an early expedition, soft overcast light. 18th century archaeological expedition illustration, fine crosshatched linework, sepia ink on aged foxed paper with deckled edges, elegant thin ruled border, no people, no faces, no text, no watermark"
AA-146,engrave,4:5,2k,"Antique copperplate engraving: a granite obelisk against towering cumulus clouds, dawn light. 18th century archaeological expedition illustration, fine crosshatched linework, sepia ink on aged foxed paper with deckled edges, elegant thin ruled border, no people, no faces, no text, no watermark"
AA-147,engrave,4:5,2k,"Antique copperplate engraving: an obelisk casting a long shadow across a plaza, candlelit warmth. 18th century archaeological expedition illustration, fine crosshatched linework, sepia ink on aged foxed paper with deckled edges, elegant thin ruled border, no people, no faces, no text, no watermark"
AA-148,engrave,4:5,2k,"Antique copperplate engraving: the unfinished obelisk still attached to bedrock, harsh desert noon. 18th century archaeological expedition illustration, fine crosshatched linework, sepia ink on aged foxed paper with deckled edges, elegant thin ruled border, no people, no faces, no text, no watermark"
AA-149,engrave,4:5,2k,"Antique copperplate engraving: an obelisk on a barge being floated down the Nile, cool morning haze. 18th century archaeological expedition illustration, fine crosshatched linework, sepia ink on aged foxed paper with deckled edges, elegant thin ruled border, no people, no faces, no text, no watermark"
AA-150,engrave,4:5,2k,"Antique copperplate engraving: a weathered obelisk in a reed-fringed lagoon, soft overcast light. 18th century archaeological expedition illustration, fine crosshatched linework, sepia ink on aged foxed paper with deckled edges, elegant thin ruled border, no people, no faces, no text, no watermark"
AA-151,oil,4:5,2k,"Classical oil painting on canvas: a Doric temple facade with sculpted pediment at sunset, dawn light. Visible impasto brushstrokes, varnished canvas texture, 19th century romanticism style, rich atmospheric light, museum fine art, no people, no faces, no text, no watermark"
AA-152,oil,4:5,2k,"Classical oil painting on canvas: a hilltop temple above terraced olive groves, candlelit warmth. Visible impasto brushstrokes, varnished canvas texture, 19th century romanticism style, rich atmospheric light, museum fine art, no people, no faces, no text, no watermark"
AA-153,oil,4:5,2k,"Classical oil painting on canvas: a ruined temple interior open to the sky, harsh desert noon. Visible impasto brushstrokes, varnished canvas texture, 19th century romanticism style, rich atmospheric light, museum fine art, no people, no faces, no text, no watermark"
AA-154,oil,4:5,2k,"Classical oil painting on canvas: a temple by the sea with waves breaking below, cool morning haze. Visible impasto brushstrokes, varnished canvas texture, 19th century romanticism style, rich atmospheric light, museum fine art, no people, no faces, no text, no watermark"
AA-155,oil,4:5,2k,"Classical oil painting on canvas: a torch-lit temple front at dusk, soft overcast light. Visible impasto brushstrokes, varnished canvas texture, 19th century romanticism style, rich atmospheric light, museum fine art, no people, no faces, no text, no watermark"
AA-156,oil,4:5,2k,"Classical oil painting on canvas: a temple half-buried in drifting sand, dawn light. Visible impasto brushstrokes, varnished canvas texture, 19th century romanticism style, rich atmospheric light, museum fine art, no people, no faces, no text, no watermark"
AA-157,oil,4:5,2k,"Classical oil painting on canvas: a round tholos temple in a laurel grove, candlelit warmth. Visible impasto brushstrokes, varnished canvas texture, 19th century romanticism style, rich atmospheric light, museum fine art, no people, no faces, no text, no watermark"
AA-158,oil,4:5,2k,"Classical oil painting on canvas: a temple reflected in a sacred spring, harsh desert noon. Visible impasto brushstrokes, varnished canvas texture, 19th century romanticism style, rich atmospheric light, museum fine art, no people, no faces, no text, no watermark"
AA-159,oil,4:5,2k,"Classical oil painting on canvas: a mountain sanctuary temple wreathed in cloud, cool morning haze. Visible impasto brushstrokes, varnished canvas texture, 19th century romanticism style, rich atmospheric light, museum fine art, no people, no faces, no text, no watermark"
AA-160,oil,4:5,2k,"Classical oil painting on canvas: a temple portico with votive garlands between columns, soft overcast light. Visible impasto brushstrokes, varnished canvas texture, 19th century romanticism style, rich atmospheric light, museum fine art, no people, no faces, no text, no watermark"
AA-161,oil,4:5,2k,"Classical oil painting on canvas: a Greek trireme under full sail on a wine-dark sea, dawn light. Visible impasto brushstrokes, varnished canvas texture, 19th century romanticism style, rich atmospheric light, museum fine art, no people, no faces, no text, no watermark"
AA-162,oil,4:5,2k,"Classical oil painting on canvas: a merchant galley riding heavy swells, candlelit warmth. Visible impasto brushstrokes, varnished canvas texture, 19th century romanticism style, rich atmospheric light, museum fine art, no people, no faces, no text, no watermark"
AA-163,oil,4:5,2k,"Classical oil painting on canvas: a trireme with painted eye on the prow cutting through waves, harsh desert noon. Visible impasto brushstrokes, varnished canvas texture, 19th century romanticism style, rich atmospheric light, museum fine art, no people, no faces, no text, no watermark"
AA-164,oil,4:5,2k,"Classical oil painting on canvas: a fleet of galleys on the horizon at dawn, cool morning haze. Visible impasto brushstrokes, varnished canvas texture, 19th century romanticism style, rich atmospheric light, museum fine art, no people, no faces, no text, no watermark"
AA-165,oil,4:5,2k,"Classical oil painting on canvas: a beached trireme with furled sail in a rocky cove, soft overcast light. Visible impasto brushstrokes, varnished canvas texture, 19th century romanticism style, rich atmospheric light, museum fine art, no people, no faces, no text, no watermark"
AA-166,oil,4:5,2k,"Classical oil painting on canvas: a galley rounding a headland lighthouse, dawn light. Visible impasto brushstrokes, varnished canvas texture, 19th century romanticism style, rich atmospheric light, museum fine art, no people, no faces, no text, no watermark"
AA-167,oil,4:5,2k,"Classical oil painting on canvas: a trireme in a following sea, oars shipped, candlelit warmth. Visible impasto brushstrokes, varnished canvas texture, 19th century romanticism style, rich atmospheric light, museum fine art, no people, no faces, no text, no watermark"
AA-168,oil,4:5,2k,"Classical oil painting on canvas: a night passage with a galley under stars, harsh desert noon. Visible impasto brushstrokes, varnished canvas texture, 19th century romanticism style, rich atmospheric light, museum fine art, no people, no faces, no text, no watermark"
AA-169,oil,4:5,2k,"Classical oil painting on canvas: a trireme leaving a fortified harbor, cool morning haze. Visible impasto brushstrokes, varnished canvas texture, 19th century romanticism style, rich atmospheric light, museum fine art, no people, no faces, no text, no watermark"
AA-170,oil,4:5,2k,"Classical oil painting on canvas: a lone galley in glassy calm, sail hanging slack, soft overcast light. Visible impasto brushstrokes, varnished canvas texture, 19th century romanticism style, rich atmospheric light, museum fine art, no people, no faces, no text, no watermark"
AA-171,papyrus,4:5,2k,"Gouache painting on authentic aged papyrus: a great ankh symbol flanked by was scepters, dawn light. Lapis blue, ochre and terracotta mineral pigments with gold leaf accents, visible papyrus fiber and frayed edges, ancient Egyptian art style, soft natural light, fine art print, no human figures, no faces, no hieroglyphic text, no watermark"
AA-172,papyrus,4:5,2k,"Gouache painting on authentic aged papyrus: a djed pillar wrapped with gold bands, candlelit warmth. Lapis blue, ochre and terracotta mineral pigments with gold leaf accents, visible papyrus fiber and frayed edges, ancient Egyptian art style, soft natural light, fine art print, no human figures, no faces, no hieroglyphic text, no watermark"
AA-173,papyrus,4:5,2k,"Gouache painting on authentic aged papyrus: a winged sun disk with twin uraeus cobras, harsh desert noon. Lapis blue, ochre and terracotta mineral pigments with gold leaf accents, visible papyrus fiber and frayed edges, ancient Egyptian art style, soft natural light, fine art print, no human figures, no faces, no hieroglyphic text, no watermark"
AA-174,papyrus,4:5,2k,"Gouache painting on authentic aged papyrus: an ankh entwined with lotus stems, cool morning haze. Lapis blue, ochre and terracotta mineral pigments with gold leaf accents, visible papyrus fiber and frayed edges, ancient Egyptian art style, soft natural light, fine art print, no human figures, no faces, no hieroglyphic text, no watermark"
AA-175,papyrus,4:5,2k,"Gouache painting on authentic aged papyrus: a shen ring above stylized water lines, soft overcast light. Lapis blue, ochre and terracotta mineral pigments with gold leaf accents, visible papyrus fiber and frayed edges, ancient Egyptian art style, soft natural light, fine art print, no human figures, no faces, no hieroglyphic text, no watermark"
AA-176,papyrus,4:5,2k,"Gouache painting on authentic aged papyrus: a golden ankh radiating light rays, dawn light. Lapis blue, ochre and terracotta mineral pigments with gold leaf accents, visible papyrus fiber and frayed edges, ancient Egyptian art style, soft natural light, fine art print, no human figures, no faces, no hieroglyphic text, no watermark"
AA-177,papyrus,4:5,2k,"Gouache painting on authentic aged papyrus: a djed pillar between twin obelisks, candlelit warmth. Lapis blue, ochre and terracotta mineral pigments with gold leaf accents, visible papyrus fiber and frayed edges, ancient Egyptian art style, soft natural light, fine art print, no human figures, no faces, no hieroglyphic text, no watermark"
AA-178,papyrus,4:5,2k,"Gouache painting on authentic aged papyrus: a winged sun over a temple gateway, harsh desert noon. Lapis blue, ochre and terracotta mineral pigments with gold leaf accents, visible papyrus fiber and frayed edges, ancient Egyptian art style, soft natural light, fine art print, no human figures, no faces, no hieroglyphic text, no watermark"
AA-179,papyrus,4:5,2k,"Gouache painting on authentic aged papyrus: an ankh, djed and was grouped as a blessing, cool morning haze. Lapis blue, ochre and terracotta mineral pigments with gold leaf accents, visible papyrus fiber and frayed edges, ancient Egyptian art style, soft natural light, fine art print, no human figures, no faces, no hieroglyphic text, no watermark"
AA-180,papyrus,4:5,2k,"Gouache painting on authentic aged papyrus: a solar disk in a barque with protective wings, soft overcast light. Lapis blue, ochre and terracotta mineral pigments with gold leaf accents, visible papyrus fiber and frayed edges, ancient Egyptian art style, soft natural light, fine art print, no human figures, no faces, no hieroglyphic text, no watermark"
AA-181,papyrus,4:5,2k,"Gouache painting on authentic aged papyrus: the phases of the moon stacked in a ritual column, dawn light. Lapis blue, ochre and terracotta mineral pigments with gold leaf accents, visible papyrus fiber and frayed edges, ancient Egyptian art style, soft natural light, fine art print, no human figures, no faces, no hieroglyphic text, no watermark"
AA-182,papyrus,4:5,2k,"Gouache painting on authentic aged papyrus: a full moon ringed by rays above stylized water, candlelit warmth. Lapis blue, ochre and terracotta mineral pigments with gold leaf accents, visible papyrus fiber and frayed edges, ancient Egyptian art style, soft natural light, fine art print, no human figures, no faces, no hieroglyphic text, no watermark"
AA-183,papyrus,4:5,2k,"Gouache painting on authentic aged papyrus: crescent moons in procession across a star band, harsh desert noon. Lapis blue, ochre and terracotta mineral pigments with gold leaf accents, visible papyrus fiber and frayed edges, ancient Egyptian art style, soft natural light, fine art print, no human figures, no faces, no hieroglyphic text, no watermark"
AA-184,papyrus,4:5,2k,"Gouache painting on authentic aged papyrus: a lunar disk cradled in a solar barque, cool morning haze. Lapis blue, ochre and terracotta mineral pigments with gold leaf accents, visible papyrus fiber and frayed edges, ancient Egyptian art style, soft natural light, fine art print, no human figures, no faces, no hieroglyphic text, no watermark"
AA-185,papyrus,4:5,2k,"Gouache painting on authentic aged papyrus: the moon cycle arranged in a great circle, soft overcast light. Lapis blue, ochre and terracotta mineral pigments with gold leaf accents, visible papyrus fiber and frayed edges, ancient Egyptian art style, soft natural light, fine art print, no human figures, no faces, no hieroglyphic text, no watermark"
AA-186,papyrus,4:5,2k,"Gouache painting on authentic aged papyrus: a crescent moon above a field of gold stars, dawn light. Lapis blue, ochre and terracotta mineral pigments with gold leaf accents, visible papyrus fiber and frayed edges, ancient Egyptian art style, soft natural light, fine art print, no human figures, no faces, no hieroglyphic text, no watermark"
AA-187,papyrus,4:5,2k,"Gouache painting on authentic aged papyrus: moon phases flanked by kneeling lotus buds, candlelit warmth. Lapis blue, ochre and terracotta mineral pigments with gold leaf accents, visible papyrus fiber and frayed edges, ancient Egyptian art style, soft natural light, fine art print, no human figures, no faces, no hieroglyphic text, no watermark"
AA-188,papyrus,4:5,2k,"Gouache painting on authentic aged papyrus: an eclipse sequence painted as nested disks, harsh desert noon. Lapis blue, ochre and terracotta mineral pigments with gold leaf accents, visible papyrus fiber and frayed edges, ancient Egyptian art style, soft natural light, fine art print, no human figures, no faces, no hieroglyphic text, no watermark"
AA-189,papyrus,4:5,2k,"Gouache painting on authentic aged papyrus: the moon god's silver disk between twin horns, cool morning haze. Lapis blue, ochre and terracotta mineral pigments with gold leaf accents, visible papyrus fiber and frayed edges, ancient Egyptian art style, soft natural light, fine art print, no human figures, no faces, no hieroglyphic text, no watermark"
AA-190,papyrus,4:5,2k,"Gouache painting on authentic aged papyrus: a waning moon over rippled Nile water, soft overcast light. Lapis blue, ochre and terracotta mineral pigments with gold leaf accents, visible papyrus fiber and frayed edges, ancient Egyptian art style, soft natural light, fine art print, no human figures, no faces, no hieroglyphic text, no watermark"
AA-191,fresco,4:5,2k,"Aged fresco painting on cracked lime plaster: a great Assyrian rosette with concentric petal rings, dawn light. Faded terracotta, ochre and charcoal mineral pigments, chipped plaster patches, water stains and centuries of patina, photographed straight-on under soft diffused museum light, museum fine art print, no people, no faces, no text, no watermark"
AA-192,fresco,4:5,2k,"Aged fresco painting on cracked lime plaster: a band of alternating rosettes and palmettes, candlelit warmth. Faded terracotta, ochre and charcoal mineral pigments, chipped plaster patches, water stains and centuries of patina, photographed straight-on under soft diffused museum light, museum fine art print, no people, no faces, no text, no watermark"
AA-193,fresco,4:5,2k,"Aged fresco painting on cracked lime plaster: a sunflower-form rosette within a guilloche ring, harsh desert noon. Faded terracotta, ochre and charcoal mineral pigments, chipped plaster patches, water stains and centuries of patina, photographed straight-on under soft diffused museum light, museum fine art print, no people, no faces, no text, no watermark"
AA-194,fresco,4:5,2k,"Aged fresco painting on cracked lime plaster: a lotus-petal rosette medallion, cool morning haze. Faded terracotta, ochre and charcoal mineral pigments, chipped plaster patches, water stains and centuries of patina, photographed straight-on under soft diffused museum light, museum fine art print, no people, no faces, no text, no watermark"
AA-195,fresco,4:5,2k,"Aged fresco painting on cracked lime plaster: a rosette field pattern from a palace wall, soft overcast light. Faded terracotta, ochre and charcoal mineral pigments, chipped plaster patches, water stains and centuries of patina, photographed straight-on under soft diffused museum light, museum fine art print, no people, no faces, no text, no watermark"
AA-196,fresco,4:5,2k,"Aged fresco painting on cracked lime plaster: a rosette with alternating red and blue petals, dawn light. Faded terracotta, ochre and charcoal mineral pigments, chipped plaster patches, water stains and centuries of patina, photographed straight-on under soft diffused museum light, museum fine art print, no people, no faces, no text, no watermark"
AA-197,fresco,4:5,2k,"Aged fresco painting on cracked lime plaster: an eight-petal rosette inside a square frame, candlelit warmth. Faded terracotta, ochre and charcoal mineral pigments, chipped plaster patches, water stains and centuries of patina, photographed straight-on under soft diffused museum light, museum fine art print, no people, no faces, no text, no watermark"
AA-198,fresco,4:5,2k,"Aged fresco painting on cracked lime plaster: a rosette ceiling boss with radiating leaves, harsh desert noon. Faded terracotta, ochre and charcoal mineral pigments, chipped plaster patches, water stains and centuries of patina, photographed straight-on under soft diffused museum light, museum fine art print, no people, no faces, no text, no watermark"
AA-199,fresco,4:5,2k,"Aged fresco painting on cracked lime plaster: a rosette flanked by winged sun motifs, cool morning haze. Faded terracotta, ochre and charcoal mineral pigments, chipped plaster patches, water stains and centuries of patina, photographed straight-on under soft diffused museum light, museum fine art print, no people, no faces, no text, no watermark"
AA-200,fresco,4:5,2k,"Aged fresco painting on cracked lime plaster: a giant rosette with a hundred fine petals, soft overcast light. Faded terracotta, ochre and charcoal mineral pigments, chipped plaster patches, water stains and centuries of patina, photographed straight-on under soft diffused museum light, museum fine art print, no people, no faces, no text, no watermark"
